profile_name,profile_id,period,kind,function,function_period,actual_value,expected_value,validation_passed,status,error
computed_P1Y_Quantitative_H_sum,3270827,P1Y,Quantitative,sum,H,1,1,True,validation_passed,
computed_P1Y_Quantitative_H_avg,3270828,P1Y,Quantitative,avg,H,1,1,True,validation_passed,
computed_P1Y_Quantitative_H_min,3270829,P1Y,Quantitative,min,H,1,1,True,validation_passed,
computed_P1Y_Quantitative_H_max,3270830,P1Y,Quantitative,max,H,1,1,True,validation_passed,
computed_P1Y_Quantitative_PD_sum,3270831,P1Y,Quantitative,sum,PD,24,24,True,validation_passed,
computed_P1Y_Quantitative_PD_avg,3270832,P1Y,Quantitative,avg,PD,1,1,True,validation_passed,
computed_P1Y_Quantitative_PD_min,3270833,P1Y,Quantitative,min,PD,1,1,True,validation_passed,
computed_P1Y_Quantitative_PD_max,3270834,P1Y,Quantitative,max,PD,1,1,True,validation_passed,
computed_P1Y_Quantitative_PW_sum,3270835,P1Y,Quantitative,sum,PW,168.00022831050228,168,True,validation_passed,
computed_P1Y_Quantitative_PW_min,3270837,P1Y,Quantitative,min,PW,1,1,True,validation_passed,
computed_P1Y_Quantitative_PW_max,3270838,P1Y,Quantitative,max,PW,1,1,True,validation_passed,
computed_P1Y_Quantitative_PE_sum,3270839,P1Y,Quantitative,sum,PE,168.00022831050228,168,True,validation_passed,
computed_P1Y_Quantitative_PE_min,3270841,P1Y,Quantitative,min,PE,1,1,True,validation_passed,
computed_P1Y_Quantitative_PE_max,3270842,P1Y,Quantitative,max,PE,1,1,True,validation_passed,
computed_P1Y_Quantitative_PM_avg,3270844,P1Y,Quantitative,avg,PM,1,1,True,validation_passed,
computed_P1Y_Quantitative_PM_min,3270845,P1Y,Quantitative,min,PM,1,1,True,validation_passed,
computed_P1Y_Quantitative_PM_max,3270846,P1Y,Quantitative,max,PM,1,1,True,validation_passed,
computed_P1Y_Quantitative_PQ_avg,3270848,P1Y,Quantitative,avg,PQ,1,1,True,validation_passed,
computed_P1Y_Quantitative_PQ_min,3270849,P1Y,Quantitative,min,PQ,1,1,True,validation_passed,
computed_P1Y_Quantitative_PQ_max,3270850,P1Y,Quantitative,max,PQ,1,1,True,validation_passed,
computed_P1Y_Quantitative_PY_sum,3270851,P1Y,Quantitative,sum,PY,8760,8760,True,validation_passed,
computed_P1Y_Quantitative_PY_avg,3270852,P1Y,Quantitative,avg,PY,1,1,True,validation_passed,
computed_P1Y_Quantitative_PY_min,3270853,P1Y,Quantitative,min,PY,1,1,True,validation_passed,
computed_P1Y_Quantitative_PY_max,3270854,P1Y,Quantitative,max,PY,1,1,True,validation_passed,
computed_P1Y_Continuous_H_sum,3270855,P1Y,Continuous,sum,H,1,1,True,validation_passed,
computed_P1Y_Continuous_H_avg,3270856,P1Y,Continuous,avg,H,1,1,True,validation_passed,
computed_P1Y_Continuous_H_min,3270857,P1Y,Continuous,min,H,1,1,True,validation_passed,
computed_P1Y_Continuous_H_max,3270858,P1Y,Continuous,max,H,1,1,True,validation_passed,
computed_P1Y_Continuous_PD_sum,3270859,P1Y,Continuous,sum,PD,24,24,True,validation_passed,
computed_P1Y_Continuous_PD_avg,3270860,P1Y,Continuous,avg,PD,1,1,True,validation_passed,
computed_P1Y_Continuous_PD_min,3270861,P1Y,Continuous,min,PD,1,1,True,validation_passed,
computed_P1Y_Continuous_PD_max,3270862,P1Y,Continuous,max,PD,1,1,True,validation_passed,
computed_P1Y_Continuous_PW_sum,3270863,P1Y,Continuous,sum,PW,168.00022831050228,168,True,validation_passed,
computed_P1Y_Continuous_PW_min,3270865,P1Y,Continuous,min,PW,1,1,True,validation_passed,
computed_P1Y_Continuous_PW_max,3270866,P1Y,Continuous,max,PW,1,1,True,validation_passed,
computed_P1Y_Continuous_PE_sum,3270867,P1Y,Continuous,sum,PE,168.00022831050228,168,True,validation_passed,
computed_P1Y_Continuous_PE_min,3270869,P1Y,Continuous,min,PE,1,1,True,validation_passed,
computed_P1Y_Continuous_PE_max,3270870,P1Y,Continuous,max,PE,1,1,True,validation_passed,
computed_P1Y_Continuous_PM_avg,3270872,P1Y,Continuous,avg,PM,1,1,True,validation_passed,
computed_P1Y_Continuous_PM_min,3270873,P1Y,Continuous,min,PM,1,1,True,validation_passed,
computed_P1Y_Continuous_PM_max,3270874,P1Y,Continuous,max,PM,1,1,True,validation_passed,
computed_P1Y_Continuous_PQ_avg,3270876,P1Y,Continuous,avg,PQ,1,1,True,validation_passed,
computed_P1Y_Continuous_PQ_min,3270877,P1Y,Continuous,min,PQ,1,1,True,validation_passed,
computed_P1Y_Continuous_PQ_max,3270878,P1Y,Continuous,max,PQ,1,1,True,validation_passed,
computed_P1Y_Continuous_PY_sum,3270879,P1Y,Continuous,sum,PY,8760,8760,True,validation_passed,
computed_P1Y_Continuous_PY_avg,3270880,P1Y,Continuous,avg,PY,1,1,True,validation_passed,
computed_P1Y_Continuous_PY_min,3270881,P1Y,Continuous,min,PY,1,1,True,validation_passed,
computed_P1Y_Continuous_PY_max,3270882,P1Y,Continuous,max,PY,1,1,True,validation_passed,
computed_P1M_Quantitative_H_sum,3270883,P1M,Quantitative,sum,H,1,1,True,validation_passed,
computed_P1M_Quantitative_H_avg,3270884,P1M,Quantitative,avg,H,1,1,True,validation_passed,
computed_P1M_Quantitative_H_min,3270885,P1M,Quantitative,min,H,1,1,True,validation_passed,
computed_P1M_Quantitative_H_max,3270886,P1M,Quantitative,max,H,1,1,True,validation_passed,
computed_P1M_Quantitative_PD_sum,3270887,P1M,Quantitative,sum,PD,24,24,True,validation_passed,
computed_P1M_Quantitative_PD_avg,3270888,P1M,Quantitative,avg,PD,1,1,True,validation_passed,
computed_P1M_Quantitative_PD_min,3270889,P1M,Quantitative,min,PD,1,1,True,validation_passed,
computed_P1M_Quantitative_PD_max,3270890,P1M,Quantitative,max,PD,1,1,True,validation_passed,
computed_P1M_Quantitative_PW_sum,3270891,P1M,Quantitative,sum,PW,168,168,True,validation_passed,
computed_P1M_Quantitative_PW_min,3270893,P1M,Quantitative,min,PW,1,1,True,validation_passed,
computed_P1M_Quantitative_PW_max,3270894,P1M,Quantitative,max,PW,1,1,True,validation_passed,
computed_P1M_Quantitative_PE_sum,3270895,P1M,Quantitative,sum,PE,168,168,True,validation_passed,
computed_P1M_Quantitative_PE_min,3270897,P1M,Quantitative,min,PE,1,1,True,validation_passed,
computed_P1M_Quantitative_PE_max,3270898,P1M,Quantitative,max,PE,1,1,True,validation_passed,
computed_P1M_Quantitative_PM_sum,3270899,P1M,Quantitative,sum,PM,720,720,True,validation_passed,
computed_P1M_Quantitative_PM_avg,3270900,P1M,Quantitative,avg,PM,1,1,True,validation_passed,
computed_P1M_Quantitative_PM_min,3270901,P1M,Quantitative,min,PM,1,1,True,validation_passed,
computed_P1M_Quantitative_PM_max,3270902,P1M,Quantitative,max,PM,1,1,True,validation_passed,
computed_P1M_Quantitative_PQ_sum,3270903,P1M,Quantitative,sum,PQ,2208,2208,True,validation_passed,
computed_P1M_Quantitative_PQ_avg,3270904,P1M,Quantitative,avg,PQ,1,1,True,validation_passed,
computed_P1M_Quantitative_PQ_min,3270905,P1M,Quantitative,min,PQ,1,1,True,validation_passed,
computed_P1M_Quantitative_PQ_max,3270906,P1M,Quantitative,max,PQ,1,1,True,validation_passed,
computed_P1M_Quantitative_PY_sum,3270907,P1M,Quantitative,sum,PY,8760,8760,True,validation_passed,
computed_P1M_Quantitative_PY_avg,3270908,P1M,Quantitative,avg,PY,1,1,True,validation_passed,
computed_P1M_Quantitative_PY_min,3270909,P1M,Quantitative,min,PY,1,1,True,validation_passed,
computed_P1M_Quantitative_PY_max,3270910,P1M,Quantitative,max,PY,1,1,True,validation_passed,
computed_P1M_Continuous_H_sum,3270911,P1M,Continuous,sum,H,1,1,True,validation_passed,
computed_P1M_Continuous_H_avg,3270912,P1M,Continuous,avg,H,1,1,True,validation_passed,
computed_P1M_Continuous_H_min,3270913,P1M,Continuous,min,H,1,1,True,validation_passed,
computed_P1M_Continuous_H_max,3270914,P1M,Continuous,max,H,1,1,True,validation_passed,
computed_P1M_Continuous_PD_sum,3270915,P1M,Continuous,sum,PD,24,24,True,validation_passed,
computed_P1M_Continuous_PD_avg,3270916,P1M,Continuous,avg,PD,1,1,True,validation_passed,
computed_P1M_Continuous_PD_min,3270917,P1M,Continuous,min,PD,1,1,True,validation_passed,
computed_P1M_Continuous_PD_max,3270918,P1M,Continuous,max,PD,1,1,True,validation_passed,
computed_P1M_Continuous_PW_sum,3270919,P1M,Continuous,sum,PW,168,168,True,validation_passed,
computed_P1M_Continuous_PW_min,3270921,P1M,Continuous,min,PW,1,1,True,validation_passed,
computed_P1M_Continuous_PW_max,3270922,P1M,Continuous,max,PW,1,1,True,validation_passed,
computed_P1M_Continuous_PE_sum,3270923,P1M,Continuous,sum,PE,168,168,True,validation_passed,
computed_P1M_Continuous_PE_min,3270925,P1M,Continuous,min,PE,1,1,True,validation_passed,
computed_P1M_Continuous_PE_max,3270926,P1M,Continuous,max,PE,1,1,True,validation_passed,
computed_P1M_Continuous_PM_sum,3270927,P1M,Continuous,sum,PM,720,720,True,validation_passed,
computed_P1M_Continuous_PM_avg,3270928,P1M,Continuous,avg,PM,1,1,True,validation_passed,
computed_P1M_Continuous_PM_min,3270929,P1M,Continuous,min,PM,1,1,True,validation_passed,
computed_P1M_Continuous_PM_max,3270930,P1M,Continuous,max,PM,1,1,True,validation_passed,
computed_P1M_Continuous_PQ_sum,3270931,P1M,Continuous,sum,PQ,2208,2208,True,validation_passed,
computed_P1M_Continuous_PQ_avg,3270932,P1M,Continuous,avg,PQ,1,1,True,validation_passed,
computed_P1M_Continuous_PQ_min,3270933,P1M,Continuous,min,PQ,1,1,True,validation_passed,
computed_P1M_Continuous_PQ_max,3270934,P1M,Continuous,max,PQ,1,1,True,validation_passed,
computed_P1M_Continuous_PY_sum,3270935,P1M,Continuous,sum,PY,8760,8760,True,validation_passed,
computed_P1M_Continuous_PY_avg,3270936,P1M,Continuous,avg,PY,1,1,True,validation_passed,
computed_P1M_Continuous_PY_min,3270937,P1M,Continuous,min,PY,1,1,True,validation_passed,
computed_P1M_Continuous_PY_max,3270938,P1M,Continuous,max,PY,1,1,True,validation_passed,
computed_P3M_Quantitative_H_sum,3270939,P3M,Quantitative,sum,H,1,1,True,validation_passed,
computed_P3M_Quantitative_H_avg,3270940,P3M,Quantitative,avg,H,1,1,True,validation_passed,
computed_P3M_Quantitative_H_min,3270941,P3M,Quantitative,min,H,1,1,True,validation_passed,
computed_P3M_Quantitative_H_max,3270942,P3M,Quantitative,max,H,1,1,True,validation_passed,
computed_P3M_Quantitative_PD_sum,3270943,P3M,Quantitative,sum,PD,24,24,True,validation_passed,
computed_P3M_Quantitative_PD_avg,3270944,P3M,Quantitative,avg,PD,1,1,True,validation_passed,
computed_P3M_Quantitative_PD_min,3270945,P3M,Quantitative,min,PD,1,1,True,validation_passed,
computed_P3M_Quantitative_PD_max,3270946,P3M,Quantitative,max,PD,1,1,True,validation_passed,
computed_P3M_Quantitative_PW_sum,3270947,P3M,Quantitative,sum,PW,168,168,True,validation_passed,
computed_P3M_Quantitative_PW_min,3270949,P3M,Quantitative,min,PW,1,1,True,validation_passed,
computed_P3M_Quantitative_PW_max,3270950,P3M,Quantitative,max,PW,1,1,True,validation_passed,
computed_P3M_Quantitative_PE_sum,3270951,P3M,Quantitative,sum,PE,168,168,True,validation_passed,
computed_P3M_Quantitative_PE_min,3270953,P3M,Quantitative,min,PE,1,1,True,validation_passed,
computed_P3M_Quantitative_PE_max,3270954,P3M,Quantitative,max,PE,1,1,True,validation_passed,
computed_P3M_Quantitative_PM_sum,3270955,P3M,Quantitative,sum,PM,720,720,True,validation_passed,
computed_P3M_Quantitative_PM_avg,3270956,P3M,Quantitative,avg,PM,1,1,True,validation_passed,
computed_P3M_Quantitative_PM_min,3270957,P3M,Quantitative,min,PM,1,1,True,validation_passed,
computed_P3M_Quantitative_PM_max,3270958,P3M,Quantitative,max,PM,1,1,True,validation_passed,
computed_P3M_Quantitative_PQ_sum,3270959,P3M,Quantitative,sum,PQ,2208,2208,True,validation_passed,
computed_P3M_Quantitative_PQ_avg,3270960,P3M,Quantitative,avg,PQ,1,1,True,validation_passed,
computed_P3M_Quantitative_PQ_min,3270961,P3M,Quantitative,min,PQ,1,1,True,validation_passed,
computed_P3M_Quantitative_PQ_max,3270962,P3M,Quantitative,max,PQ,1,1,True,validation_passed,
computed_P3M_Quantitative_PY_sum,3270963,P3M,Quantitative,sum,PY,8760,8760,True,validation_passed,
computed_P3M_Quantitative_PY_avg,3270964,P3M,Quantitative,avg,PY,1,1,True,validation_passed,
computed_P3M_Quantitative_PY_min,3270965,P3M,Quantitative,min,PY,1,1,True,validation_passed,
computed_P3M_Quantitative_PY_max,3270966,P3M,Quantitative,max,PY,1,1,True,validation_passed,
computed_P3M_Continuous_H_sum,3270967,P3M,Continuous,sum,H,1,1,True,validation_passed,
computed_P3M_Continuous_H_avg,3270968,P3M,Continuous,avg,H,1,1,True,validation_passed,
computed_P3M_Continuous_H_min,3270969,P3M,Continuous,min,H,1,1,True,validation_passed,
computed_P3M_Continuous_H_max,3270970,P3M,Continuous,max,H,1,1,True,validation_passed,
computed_P3M_Continuous_PD_sum,3270971,P3M,Continuous,sum,PD,24,24,True,validation_passed,
computed_P3M_Continuous_PD_avg,3270972,P3M,Continuous,avg,PD,1,1,True,validation_passed,
computed_P3M_Continuous_PD_min,3270973,P3M,Continuous,min,PD,1,1,True,validation_passed,
computed_P3M_Continuous_PD_max,3270974,P3M,Continuous,max,PD,1,1,True,validation_passed,
computed_P3M_Continuous_PW_sum,3270975,P3M,Continuous,sum,PW,168,168,True,validation_passed,
computed_P3M_Continuous_PW_min,3270977,P3M,Continuous,min,PW,1,1,True,validation_passed,
computed_P3M_Continuous_PW_max,3270978,P3M,Continuous,max,PW,1,1,True,validation_passed,
computed_P3M_Continuous_PE_sum,3270979,P3M,Continuous,sum,PE,168,168,True,validation_passed,
computed_P3M_Continuous_PE_min,3270981,P3M,Continuous,min,PE,1,1,True,validation_passed,
computed_P3M_Continuous_PE_max,3270982,P3M,Continuous,max,PE,1,1,True,validation_passed,
computed_P3M_Continuous_PM_sum,3270983,P3M,Continuous,sum,PM,720,720,True,validation_passed,
computed_P3M_Continuous_PM_avg,3270984,P3M,Continuous,avg,PM,1,1,True,validation_passed,
computed_P3M_Continuous_PM_min,3270985,P3M,Continuous,min,PM,1,1,True,validation_passed,
computed_P3M_Continuous_PM_max,3270986,P3M,Continuous,max,PM,1,1,True,validation_passed,
computed_P3M_Continuous_PQ_sum,3270987,P3M,Continuous,sum,PQ,2208,2208,True,validation_passed,
computed_P3M_Continuous_PQ_avg,3270988,P3M,Continuous,avg,PQ,1,1,True,validation_passed,
computed_P3M_Continuous_PQ_min,3270989,P3M,Continuous,min,PQ,1,1,True,validation_passed,
computed_P3M_Continuous_PQ_max,3270990,P3M,Continuous,max,PQ,1,1,True,validation_passed,
computed_P3M_Continuous_PY_sum,3270991,P3M,Continuous,sum,PY,8760,8760,True,validation_passed,
computed_P3M_Continuous_PY_avg,3270992,P3M,Continuous,avg,PY,1,1,True,validation_passed,
computed_P3M_Continuous_PY_min,3270993,P3M,Continuous,min,PY,1,1,True,validation_passed,
computed_P3M_Continuous_PY_max,3270994,P3M,Continuous,max,PY,1,1,True,validation_passed,
computed_P6M_Quantitative_H_sum,3270995,P6M,Quantitative,sum,H,1,1,True,validation_passed,
computed_P6M_Quantitative_H_avg,3270996,P6M,Quantitative,avg,H,1,1,True,validation_passed,
computed_P6M_Quantitative_H_min,3270997,P6M,Quantitative,min,H,1,1,True,validation_passed,
computed_P6M_Quantitative_H_max,3270998,P6M,Quantitative,max,H,1,1,True,validation_passed,
computed_P6M_Quantitative_PD_sum,3270999,P6M,Quantitative,sum,PD,24,24,True,validation_passed,
computed_P6M_Quantitative_PD_avg,3271000,P6M,Quantitative,avg,PD,1,1,True,validation_passed,
computed_P6M_Quantitative_PD_min,3271001,P6M,Quantitative,min,PD,1,1,True,validation_passed,
computed_P6M_Quantitative_PD_max,3271002,P6M,Quantitative,max,PD,1,1,True,validation_passed,
computed_P6M_Quantitative_PW_min,3271005,P6M,Quantitative,min,PW,1,1,True,validation_passed,
computed_P6M_Quantitative_PW_max,3271006,P6M,Quantitative,max,PW,1,1,True,validation_passed,
computed_P6M_Quantitative_PE_min,3271009,P6M,Quantitative,min,PE,1,1,True,validation_passed,
computed_P6M_Quantitative_PE_max,3271010,P6M,Quantitative,max,PE,1,1,True,validation_passed,
computed_P6M_Quantitative_PM_avg,3271012,P6M,Quantitative,avg,PM,1,1,True,validation_passed,
computed_P6M_Quantitative_PM_min,3271013,P6M,Quantitative,min,PM,1,1,True,validation_passed,
computed_P6M_Quantitative_PM_max,3271014,P6M,Quantitative,max,PM,1,1,True,validation_passed,
computed_P6M_Quantitative_PQ_avg,3271016,P6M,Quantitative,avg,PQ,1,1,True,validation_passed,
computed_P6M_Quantitative_PQ_min,3271017,P6M,Quantitative,min,PQ,1,1,True,validation_passed,
computed_P6M_Quantitative_PQ_max,3271018,P6M,Quantitative,max,PQ,1,1,True,validation_passed,
computed_P6M_Quantitative_PY_sum,3271019,P6M,Quantitative,sum,PY,8760,8760,True,validation_passed,
computed_P6M_Quantitative_PY_avg,3271020,P6M,Quantitative,avg,PY,1,1,True,validation_passed,
computed_P6M_Quantitative_PY_min,3271021,P6M,Quantitative,min,PY,1,1,True,validation_passed,
computed_P6M_Quantitative_PY_max,3271022,P6M,Quantitative,max,PY,1,1,True,validation_passed,
computed_P6M_Continuous_H_sum,3271023,P6M,Continuous,sum,H,1,1,True,validation_passed,
computed_P6M_Continuous_H_avg,3271024,P6M,Continuous,avg,H,1,1,True,validation_passed,
computed_P6M_Continuous_H_min,3271025,P6M,Continuous,min,H,1,1,True,validation_passed,
computed_P6M_Continuous_H_max,3271026,P6M,Continuous,max,H,1,1,True,validation_passed,
computed_P6M_Continuous_PD_sum,3271027,P6M,Continuous,sum,PD,24,24,True,validation_passed,
computed_P6M_Continuous_PD_avg,3271028,P6M,Continuous,avg,PD,1,1,True,validation_passed,
computed_P6M_Continuous_PD_min,3271029,P6M,Continuous,min,PD,1,1,True,validation_passed,
computed_P6M_Continuous_PD_max,3271030,P6M,Continuous,max,PD,1,1,True,validation_passed,
computed_P6M_Continuous_PW_min,3271033,P6M,Continuous,min,PW,1,1,True,validation_passed,
computed_P6M_Continuous_PW_max,3271034,P6M,Continuous,max,PW,1,1,True,validation_passed,
computed_P6M_Continuous_PE_min,3271037,P6M,Continuous,min,PE,1,1,True,validation_passed,
computed_P6M_Continuous_PE_max,3271038,P6M,Continuous,max,PE,1,1,True,validation_passed,
computed_P6M_Continuous_PM_avg,3271040,P6M,Continuous,avg,PM,1,1,True,validation_passed,
computed_P6M_Continuous_PM_min,3271041,P6M,Continuous,min,PM,1,1,True,validation_passed,
computed_P6M_Continuous_PM_max,3271042,P6M,Continuous,max,PM,1,1,True,validation_passed,
computed_P6M_Continuous_PQ_avg,3271044,P6M,Continuous,avg,PQ,1,1,True,validation_passed,
computed_P6M_Continuous_PQ_min,3271045,P6M,Continuous,min,PQ,1,1,True,validation_passed,
computed_P6M_Continuous_PQ_max,3271046,P6M,Continuous,max,PQ,1,1,True,validation_passed,
computed_P6M_Continuous_PY_sum,3271047,P6M,Continuous,sum,PY,8760,8760,True,validation_passed,
computed_P6M_Continuous_PY_avg,3271048,P6M,Continuous,avg,PY,1,1,True,validation_passed,
computed_P6M_Continuous_PY_min,3271049,P6M,Continuous,min,PY,1,1,True,validation_passed,
computed_P6M_Continuous_PY_max,3271050,P6M,Continuous,max,PY,1,1,True,validation_passed,
computed_PT1H_Quantitative_H_sum,3271051,PT1H,Quantitative,sum,H,1,1,True,validation_passed,
computed_PT1H_Quantitative_H_avg,3271052,PT1H,Quantitative,avg,H,1,1,True,validation_passed,
computed_PT1H_Quantitative_H_min,3271053,PT1H,Quantitative,min,H,1,1,True,validation_passed,
computed_PT1H_Quantitative_H_max,3271054,PT1H,Quantitative,max,H,1,1,True,validation_passed,
computed_PT1H_Quantitative_PD_sum,3271055,PT1H,Quantitative,sum,PD,24,24,True,validation_passed,
computed_PT1H_Quantitative_PD_avg,3271056,PT1H,Quantitative,avg,PD,1,1,True,validation_passed,
computed_PT1H_Quantitative_PD_min,3271057,PT1H,Quantitative,min,PD,1,1,True,validation_passed,
computed_PT1H_Quantitative_PD_max,3271058,PT1H,Quantitative,max,PD,1,1,True,validation_passed,
computed_PT1H_Quantitative_PW_sum,3271059,PT1H,Quantitative,sum,PW,168,168,True,validation_passed,
computed_PT1H_Quantitative_PW_min,3271061,PT1H,Quantitative,min,PW,1,1,True,validation_passed,
computed_PT1H_Quantitative_PW_max,3271062,PT1H,Quantitative,max,PW,1,1,True,validation_passed,
computed_PT1H_Quantitative_PE_sum,3271063,PT1H,Quantitative,sum,PE,168,168,True,validation_passed,
computed_PT1H_Quantitative_PE_min,3271065,PT1H,Quantitative,min,PE,1,1,True,validation_passed,
computed_PT1H_Quantitative_PE_max,3271066,PT1H,Quantitative,max,PE,1,1,True,validation_passed,
computed_PT1H_Quantitative_PM_sum,3271067,PT1H,Quantitative,sum,PM,720,720,True,validation_passed,
computed_PT1H_Quantitative_PM_avg,3271068,PT1H,Quantitative,avg,PM,1,1,True,validation_passed,
computed_PT1H_Quantitative_PM_min,3271069,PT1H,Quantitative,min,PM,1,1,True,validation_passed,
computed_PT1H_Quantitative_PM_max,3271070,PT1H,Quantitative,max,PM,1,1,True,validation_passed,
computed_PT1H_Quantitative_PQ_sum,3271071,PT1H,Quantitative,sum,PQ,2208,2208,True,validation_passed,
computed_PT1H_Quantitative_PQ_avg,3271072,PT1H,Quantitative,avg,PQ,1,1,True,validation_passed,
computed_PT1H_Quantitative_PQ_min,3271073,PT1H,Quantitative,min,PQ,1,1,True,validation_passed,
computed_PT1H_Quantitative_PQ_max,3271074,PT1H,Quantitative,max,PQ,1,1,True,validation_passed,
computed_PT1H_Quantitative_PY_sum,3271075,PT1H,Quantitative,sum,PY,8760,8760,True,validation_passed,
computed_PT1H_Quantitative_PY_avg,3271076,PT1H,Quantitative,avg,PY,1,1,True,validation_passed,
computed_PT1H_Quantitative_PY_min,3271077,PT1H,Quantitative,min,PY,1,1,True,validation_passed,
computed_PT1H_Quantitative_PY_max,3271078,PT1H,Quantitative,max,PY,1,1,True,validation_passed,
computed_PT1H_Continuous_H_sum,3271079,PT1H,Continuous,sum,H,1,1,True,validation_passed,
computed_PT1H_Continuous_H_avg,3271080,PT1H,Continuous,avg,H,1,1,True,validation_passed,
computed_PT1H_Continuous_H_min,3271081,PT1H,Continuous,min,H,1,1,True,validation_passed,
computed_PT1H_Continuous_H_max,3271082,PT1H,Continuous,max,H,1,1,True,validation_passed,
computed_PT1H_Continuous_PD_sum,3271083,PT1H,Continuous,sum,PD,24,24,True,validation_passed,
computed_PT1H_Continuous_PD_avg,3271084,PT1H,Continuous,avg,PD,1,1,True,validation_passed,
computed_PT1H_Continuous_PD_min,3271085,PT1H,Continuous,min,PD,1,1,True,validation_passed,
computed_PT1H_Continuous_PD_max,3271086,PT1H,Continuous,max,PD,1,1,True,validation_passed,
computed_PT1H_Continuous_PW_sum,3271087,PT1H,Continuous,sum,PW,168,168,True,validation_passed,
computed_PT1H_Continuous_PW_min,3271089,PT1H,Continuous,min,PW,1,1,True,validation_passed,
computed_PT1H_Continuous_PW_max,3271090,PT1H,Continuous,max,PW,1,1,True,validation_passed,
computed_PT1H_Continuous_PE_sum,3271091,PT1H,Continuous,sum,PE,168,168,True,validation_passed,
computed_PT1H_Continuous_PE_min,3271093,PT1H,Continuous,min,PE,1,1,True,validation_passed,
computed_PT1H_Continuous_PE_max,3271094,PT1H,Continuous,max,PE,1,1,True,validation_passed,
computed_PT1H_Continuous_PM_sum,3271095,PT1H,Continuous,sum,PM,720,720,True,validation_passed,
computed_PT1H_Continuous_PM_avg,3271096,PT1H,Continuous,avg,PM,1,1,True,validation_passed,
computed_PT1H_Continuous_PM_min,3271097,PT1H,Continuous,min,PM,1,1,True,validation_passed,
computed_PT1H_Continuous_PM_max,3271098,PT1H,Continuous,max,PM,1,1,True,validation_passed,
computed_PT1H_Continuous_PQ_sum,3271099,PT1H,Continuous,sum,PQ,2208,2208,True,validation_passed,
computed_PT1H_Continuous_PQ_avg,3271100,PT1H,Continuous,avg,PQ,1,1,True,validation_passed,
computed_PT1H_Continuous_PQ_min,3271101,PT1H,Continuous,min,PQ,1,1,True,validation_passed,
computed_PT1H_Continuous_PQ_max,3271102,PT1H,Continuous,max,PQ,1,1,True,validation_passed,
computed_PT1H_Continuous_PY_sum,3271103,PT1H,Continuous,sum,PY,8760,8760,True,validation_passed,
computed_PT1H_Continuous_PY_avg,3271104,PT1H,Continuous,avg,PY,1,1,True,validation_passed,
computed_PT1H_Continuous_PY_min,3271105,PT1H,Continuous,min,PY,1,1,True,validation_passed,
computed_PT1H_Continuous_PY_max,3271106,PT1H,Continuous,max,PY,1,1,True,validation_passed,
computed_PT15M_Quantitative_H_sum,3271107,PT15M,Quantitative,sum,H,1,1,True,validation_passed,
computed_PT15M_Quantitative_H_avg,3271108,PT15M,Quantitative,avg,H,1,1,True,validation_passed,
computed_PT15M_Quantitative_H_min,3271109,PT15M,Quantitative,min,H,1,1,True,validation_passed,
computed_PT15M_Quantitative_H_max,3271110,PT15M,Quantitative,max,H,1,1,True,validation_passed,
computed_PT15M_Quantitative_PD_sum,3271111,PT15M,Quantitative,sum,PD,24,24,True,validation_passed,
computed_PT15M_Quantitative_PD_avg,3271112,PT15M,Quantitative,avg,PD,1,1,True,validation_passed,
computed_PT15M_Quantitative_PD_min,3271113,PT15M,Quantitative,min,PD,1,1,True,validation_passed,
computed_PT15M_Quantitative_PD_max,3271114,PT15M,Quantitative,max,PD,1,1,True,validation_passed,
computed_PT15M_Quantitative_PW_sum,3271115,PT15M,Quantitative,sum,PW,168,168,True,validation_passed,
computed_PT15M_Quantitative_PW_min,3271117,PT15M,Quantitative,min,PW,1,1,True,validation_passed,
computed_PT15M_Quantitative_PW_max,3271118,PT15M,Quantitative,max,PW,1,1,True,validation_passed,
computed_PT15M_Quantitative_PE_sum,3271119,PT15M,Quantitative,sum,PE,168,168,True,validation_passed,
computed_PT15M_Quantitative_PE_min,3271121,PT15M,Quantitative,min,PE,1,1,True,validation_passed,
computed_PT15M_Quantitative_PE_max,3271122,PT15M,Quantitative,max,PE,1,1,True,validation_passed,
computed_PT15M_Quantitative_PM_sum,3271123,PT15M,Quantitative,sum,PM,720,720,True,validation_passed,
computed_PT15M_Quantitative_PM_avg,3271124,PT15M,Quantitative,avg,PM,1,1,True,validation_passed,
computed_PT15M_Quantitative_PM_min,3271125,PT15M,Quantitative,min,PM,1,1,True,validation_passed,
computed_PT15M_Quantitative_PM_max,3271126,PT15M,Quantitative,max,PM,1,1,True,validation_passed,
computed_PT15M_Quantitative_PQ_sum,3271127,PT15M,Quantitative,sum,PQ,2208,2208,True,validation_passed,
computed_PT15M_Quantitative_PQ_avg,3271128,PT15M,Quantitative,avg,PQ,1,1,True,validation_passed,
computed_PT15M_Quantitative_PQ_min,3271129,PT15M,Quantitative,min,PQ,1,1,True,validation_passed,
computed_PT15M_Quantitative_PQ_max,3271130,PT15M,Quantitative,max,PQ,1,1,True,validation_passed,
computed_PT15M_Quantitative_PY_sum,3271131,PT15M,Quantitative,sum,PY,8760,8760,True,validation_passed,
computed_PT15M_Quantitative_PY_avg,3271132,PT15M,Quantitative,avg,PY,1,1,True,validation_passed,
computed_PT15M_Quantitative_PY_min,3271133,PT15M,Quantitative,min,PY,1,1,True,validation_passed,
computed_PT15M_Quantitative_PY_max,3271134,PT15M,Quantitative,max,PY,1,1,True,validation_passed,
computed_PT15M_Continuous_H_sum,3271135,PT15M,Continuous,sum,H,1,1,True,validation_passed,
computed_PT15M_Continuous_H_avg,3271136,PT15M,Continuous,avg,H,1,1,True,validation_passed,
computed_PT15M_Continuous_H_min,3271137,PT15M,Continuous,min,H,1,1,True,validation_passed,
computed_PT15M_Continuous_H_max,3271138,PT15M,Continuous,max,H,1,1,True,validation_passed,
computed_PT15M_Continuous_PD_sum,3271139,PT15M,Continuous,sum,PD,24,24,True,validation_passed,
computed_PT15M_Continuous_PD_avg,3271140,PT15M,Continuous,avg,PD,1,1,True,validation_passed,
computed_PT15M_Continuous_PD_min,3271141,PT15M,Continuous,min,PD,1,1,True,validation_passed,
computed_PT15M_Continuous_PD_max,3271142,PT15M,Continuous,max,PD,1,1,True,validation_passed,
computed_PT15M_Continuous_PW_sum,3271143,PT15M,Continuous,sum,PW,168,168,True,validation_passed,
computed_PT15M_Continuous_PW_min,3271145,PT15M,Continuous,min,PW,1,1,True,validation_passed,
computed_PT15M_Continuous_PW_max,3271146,PT15M,Continuous,max,PW,1,1,True,validation_passed,
computed_PT15M_Continuous_PE_sum,3271147,PT15M,Continuous,sum,PE,168,168,True,validation_passed,
computed_PT15M_Continuous_PE_min,3271149,PT15M,Continuous,min,PE,1,1,True,validation_passed,
computed_PT15M_Continuous_PE_max,3271150,PT15M,Continuous,max,PE,1,1,True,validation_passed,
computed_PT15M_Continuous_PM_sum,3271151,PT15M,Continuous,sum,PM,720,720,True,validation_passed,
computed_PT15M_Continuous_PM_avg,3271152,PT15M,Continuous,avg,PM,1,1,True,validation_passed,
computed_PT15M_Continuous_PM_min,3271153,PT15M,Continuous,min,PM,1,1,True,validation_passed,
computed_PT15M_Continuous_PM_max,3271154,PT15M,Continuous,max,PM,1,1,True,validation_passed,
computed_PT15M_Continuous_PQ_sum,3271155,PT15M,Continuous,sum,PQ,2208,2208,True,validation_passed,
computed_PT15M_Continuous_PQ_avg,3271156,PT15M,Continuous,avg,PQ,1,1,True,validation_passed,
computed_PT15M_Continuous_PQ_min,3271157,PT15M,Continuous,min,PQ,1,1,True,validation_passed,
computed_PT15M_Continuous_PQ_max,3271158,PT15M,Continuous,max,PQ,1,1,True,validation_passed,
computed_PT15M_Continuous_PY_sum,3271159,PT15M,Continuous,sum,PY,8760,8760,True,validation_passed,
computed_PT15M_Continuous_PY_avg,3271160,PT15M,Continuous,avg,PY,1,1,True,validation_passed,
computed_PT15M_Continuous_PY_min,3271161,PT15M,Continuous,min,PY,1,1,True,validation_passed,
computed_PT15M_Continuous_PY_max,3271162,PT15M,Continuous,max,PY,1,1,True,validation_passed,
computed_PT5M_Quantitative_H_sum,3271163,PT5M,Quantitative,sum,H,1,1,True,validation_passed,
computed_PT5M_Quantitative_H_avg,3271164,PT5M,Quantitative,avg,H,1,1,True,validation_passed,
computed_PT5M_Quantitative_H_min,3271165,PT5M,Quantitative,min,H,1,1,True,validation_passed,
computed_PT5M_Quantitative_H_max,3271166,PT5M,Quantitative,max,H,1,1,True,validation_passed,
computed_PT5M_Quantitative_PD_sum,3271167,PT5M,Quantitative,sum,PD,24,24,True,validation_passed,
computed_PT5M_Quantitative_PD_avg,3271168,PT5M,Quantitative,avg,PD,1,1,True,validation_passed,
computed_PT5M_Quantitative_PD_min,3271169,PT5M,Quantitative,min,PD,1,1,True,validation_passed,
computed_PT5M_Quantitative_PD_max,3271170,PT5M,Quantitative,max,PD,1,1,True,validation_passed,
computed_PT5M_Quantitative_PW_sum,3271171,PT5M,Quantitative,sum,PW,168,168,True,validation_passed,
computed_PT5M_Quantitative_PW_min,3271173,PT5M,Quantitative,min,PW,1,1,True,validation_passed,
computed_PT5M_Quantitative_PW_max,3271174,PT5M,Quantitative,max,PW,1,1,True,validation_passed,
computed_PT5M_Quantitative_PE_sum,3271175,PT5M,Quantitative,sum,PE,168,168,True,validation_passed,
computed_PT5M_Quantitative_PE_min,3271177,PT5M,Quantitative,min,PE,1,1,True,validation_passed,
computed_PT5M_Quantitative_PE_max,3271178,PT5M,Quantitative,max,PE,1,1,True,validation_passed,
computed_PT5M_Quantitative_PM_sum,3271179,PT5M,Quantitative,sum,PM,720,720,True,validation_passed,
computed_PT5M_Quantitative_PM_avg,3271180,PT5M,Quantitative,avg,PM,1,1,True,validation_passed,
computed_PT5M_Quantitative_PM_min,3271181,PT5M,Quantitative,min,PM,1,1,True,validation_passed,
computed_PT5M_Quantitative_PM_max,3271182,PT5M,Quantitative,max,PM,1,1,True,validation_passed,
computed_PT5M_Quantitative_PQ_sum,3271183,PT5M,Quantitative,sum,PQ,2208,2208,True,validation_passed,
computed_PT5M_Quantitative_PQ_avg,3271184,PT5M,Quantitative,avg,PQ,1,1,True,validation_passed,
computed_PT5M_Quantitative_PQ_min,3271185,PT5M,Quantitative,min,PQ,1,1,True,validation_passed,
computed_PT5M_Quantitative_PQ_max,3271186,PT5M,Quantitative,max,PQ,1,1,True,validation_passed,
computed_PT5M_Quantitative_PY_sum,3271187,PT5M,Quantitative,sum,PY,8760,8760,True,validation_passed,
computed_PT5M_Quantitative_PY_avg,3271188,PT5M,Quantitative,avg,PY,1,1,True,validation_passed,
computed_PT5M_Quantitative_PY_min,3271189,PT5M,Quantitative,min,PY,1,1,True,validation_passed,
computed_PT5M_Quantitative_PY_max,3271190,PT5M,Quantitative,max,PY,1,1,True,validation_passed,
computed_PT5M_Continuous_H_sum,3271191,PT5M,Continuous,sum,H,1,1,True,validation_passed,
computed_PT5M_Continuous_H_avg,3271192,PT5M,Continuous,avg,H,1,1,True,validation_passed,
computed_PT5M_Continuous_H_min,3271193,PT5M,Continuous,min,H,1,1,True,validation_passed,
computed_PT5M_Continuous_H_max,3271194,PT5M,Continuous,max,H,1,1,True,validation_passed,
computed_PT5M_Continuous_PD_sum,3271195,PT5M,Continuous,sum,PD,24,24,True,validation_passed,
computed_PT5M_Continuous_PD_avg,3271196,PT5M,Continuous,avg,PD,1,1,True,validation_passed,
computed_PT5M_Continuous_PD_min,3271197,PT5M,Continuous,min,PD,1,1,True,validation_passed,
computed_PT5M_Continuous_PD_max,3271198,PT5M,Continuous,max,PD,1,1,True,validation_passed,
computed_PT5M_Continuous_PW_sum,3271199,PT5M,Continuous,sum,PW,168,168,True,validation_passed,
computed_PT5M_Continuous_PW_min,3271201,PT5M,Continuous,min,PW,1,1,True,validation_passed,
computed_PT5M_Continuous_PW_max,3271202,PT5M,Continuous,max,PW,1,1,True,validation_passed,
computed_PT5M_Continuous_PE_sum,3271203,PT5M,Continuous,sum,PE,168,168,True,validation_passed,
computed_PT5M_Continuous_PE_min,3271205,PT5M,Continuous,min,PE,1,1,True,validation_passed,
computed_PT5M_Continuous_PE_max,3271206,PT5M,Continuous,max,PE,1,1,True,validation_passed,
computed_PT5M_Continuous_PM_sum,3271207,PT5M,Continuous,sum,PM,720,720,True,validation_passed,
computed_PT5M_Continuous_PM_avg,3271208,PT5M,Continuous,avg,PM,1,1,True,validation_passed,
computed_PT5M_Continuous_PM_min,3271209,PT5M,Continuous,min,PM,1,1,True,validation_passed,
computed_PT5M_Continuous_PM_max,3271210,PT5M,Continuous,max,PM,1,1,True,validation_passed,
computed_PT5M_Continuous_PQ_sum,3271211,PT5M,Continuous,sum,PQ,2208,2208,True,validation_passed,
computed_PT5M_Continuous_PQ_avg,3271212,PT5M,Continuous,avg,PQ,1,1,True,validation_passed,
computed_PT5M_Continuous_PQ_min,3271213,PT5M,Continuous,min,PQ,1,1,True,validation_passed,
computed_PT5M_Continuous_PQ_max,3271214,PT5M,Continuous,max,PQ,1,1,True,validation_passed,
computed_PT5M_Continuous_PY_sum,3271215,PT5M,Continuous,sum,PY,8760,8760,True,validation_passed,
computed_PT5M_Continuous_PY_avg,3271216,PT5M,Continuous,avg,PY,1,1,True,validation_passed,
computed_PT5M_Continuous_PY_min,3271217,PT5M,Continuous,min,PY,1,1,True,validation_passed,
computed_PT5M_Continuous_PY_max,3271218,PT5M,Continuous,max,PY,1,1,True,validation_passed,
computed_PT1M_Quantitative_H_sum,3271219,PT1M,Quantitative,sum,H,1,1,True,validation_passed,
computed_PT1M_Quantitative_H_avg,3271220,PT1M,Quantitative,avg,H,1,1,True,validation_passed,
computed_PT1M_Quantitative_H_min,3271221,PT1M,Quantitative,min,H,1,1,True,validation_passed,
computed_PT1M_Quantitative_H_max,3271222,PT1M,Quantitative,max,H,1,1,True,validation_passed,
computed_PT1M_Quantitative_PD_sum,3271223,PT1M,Quantitative,sum,PD,24,24,True,validation_passed,
computed_PT1M_Quantitative_PD_avg,3271224,PT1M,Quantitative,avg,PD,1,1,True,validation_passed,
computed_PT1M_Quantitative_PD_min,3271225,PT1M,Quantitative,min,PD,1,1,True,validation_passed,
computed_PT1M_Quantitative_PD_max,3271226,PT1M,Quantitative,max,PD,1,1,True,validation_passed,
computed_PT1M_Quantitative_PW_sum,3271227,PT1M,Quantitative,sum,PW,168,168,True,validation_passed,
computed_PT1M_Quantitative_PW_min,3271229,PT1M,Quantitative,min,PW,1,1,True,validation_passed,
computed_PT1M_Quantitative_PW_max,3271230,PT1M,Quantitative,max,PW,1,1,True,validation_passed,
computed_PT1M_Quantitative_PE_sum,3271231,PT1M,Quantitative,sum,PE,168,168,True,validation_passed,
computed_PT1M_Quantitative_PE_min,3271233,PT1M,Quantitative,min,PE,1,1,True,validation_passed,
computed_PT1M_Quantitative_PE_max,3271234,PT1M,Quantitative,max,PE,1,1,True,validation_passed,
computed_PT1M_Quantitative_PM_sum,3271235,PT1M,Quantitative,sum,PM,720,720,True,validation_passed,
computed_PT1M_Quantitative_PM_avg,3271236,PT1M,Quantitative,avg,PM,1,1,True,validation_passed,
computed_PT1M_Quantitative_PM_min,3271237,PT1M,Quantitative,min,PM,1,1,True,validation_passed,
computed_PT1M_Quantitative_PM_max,3271238,PT1M,Quantitative,max,PM,1,1,True,validation_passed,
computed_PT1M_Quantitative_PQ_sum,3271239,PT1M,Quantitative,sum,PQ,2208,2208,True,validation_passed,
computed_PT1M_Quantitative_PQ_avg,3271240,PT1M,Quantitative,avg,PQ,1,1,True,validation_passed,
computed_PT1M_Quantitative_PQ_min,3271241,PT1M,Quantitative,min,PQ,1,1,True,validation_passed,
computed_PT1M_Quantitative_PQ_max,3271242,PT1M,Quantitative,max,PQ,1,1,True,validation_passed,
computed_PT1M_Quantitative_PY_sum,3271243,PT1M,Quantitative,sum,PY,8760,8760,True,validation_passed,
computed_PT1M_Quantitative_PY_avg,3271244,PT1M,Quantitative,avg,PY,1,1,True,validation_passed,
computed_PT1M_Quantitative_PY_min,3271245,PT1M,Quantitative,min,PY,1,1,True,validation_passed,
computed_PT1M_Quantitative_PY_max,3271246,PT1M,Quantitative,max,PY,1,1,True,validation_passed,
computed_PT1M_Continuous_H_sum,3271247,PT1M,Continuous,sum,H,1,1,True,validation_passed,
computed_PT1M_Continuous_H_avg,3271248,PT1M,Continuous,avg,H,1,1,True,validation_passed,
computed_PT1M_Continuous_H_min,3271249,PT1M,Continuous,min,H,1,1,True,validation_passed,
computed_PT1M_Continuous_H_max,3271250,PT1M,Continuous,max,H,1,1,True,validation_passed,
computed_PT1M_Continuous_PD_sum,3271251,PT1M,Continuous,sum,PD,24,24,True,validation_passed,
computed_PT1M_Continuous_PD_avg,3271252,PT1M,Continuous,avg,PD,1,1,True,validation_passed,
computed_PT1M_Continuous_PD_min,3271253,PT1M,Continuous,min,PD,1,1,True,validation_passed,
computed_PT1M_Continuous_PD_max,3271254,PT1M,Continuous,max,PD,1,1,True,validation_passed,
computed_PT1M_Continuous_PW_sum,3271255,PT1M,Continuous,sum,PW,168,168,True,validation_passed,
computed_PT1M_Continuous_PW_min,3271257,PT1M,Continuous,min,PW,1,1,True,validation_passed,
computed_PT1M_Continuous_PW_max,3271258,PT1M,Continuous,max,PW,1,1,True,validation_passed,
computed_PT1M_Continuous_PE_sum,3271259,PT1M,Continuous,sum,PE,168,168,True,validation_passed,
computed_PT1M_Continuous_PE_min,3271261,PT1M,Continuous,min,PE,1,1,True,validation_passed,
computed_PT1M_Continuous_PE_max,3271262,PT1M,Continuous,max,PE,1,1,True,validation_passed,
computed_PT1M_Continuous_PM_sum,3271263,PT1M,Continuous,sum,PM,720,720,True,validation_passed,
computed_PT1M_Continuous_PM_avg,3271264,PT1M,Continuous,avg,PM,1,1,True,validation_passed,
computed_PT1M_Continuous_PM_min,3271265,PT1M,Continuous,min,PM,1,1,True,validation_passed,
computed_PT1M_Continuous_PM_max,3271266,PT1M,Continuous,max,PM,1,1,True,validation_passed,
computed_PT1M_Continuous_PQ_sum,3271267,PT1M,Continuous,sum,PQ,2208,2208,True,validation_passed,
computed_PT1M_Continuous_PQ_avg,3271268,PT1M,Continuous,avg,PQ,1,1,True,validation_passed,
computed_PT1M_Continuous_PQ_min,3271269,PT1M,Continuous,min,PQ,1,1,True,validation_passed,
computed_PT1M_Continuous_PQ_max,3271270,PT1M,Continuous,max,PQ,1,1,True,validation_passed,
computed_PT1M_Continuous_PY_sum,3271271,PT1M,Continuous,sum,PY,8760,8760,True,validation_passed,
computed_PT1M_Continuous_PY_avg,3271272,PT1M,Continuous,avg,PY,1,1,True,validation_passed,
computed_PT1M_Continuous_PY_min,3271273,PT1M,Continuous,min,PY,1,1,True,validation_passed,
computed_PT1M_Continuous_PY_max,3271274,PT1M,Continuous,max,PY,1,1,True,validation_passed,
computed_PT10M_Quantitative_H_sum,3271275,PT10M,Quantitative,sum,H,1,1,True,validation_passed,
computed_PT10M_Quantitative_H_avg,3271276,PT10M,Quantitative,avg,H,1,1,True,validation_passed,
computed_PT10M_Quantitative_H_min,3271277,PT10M,Quantitative,min,H,1,1,True,validation_passed,
computed_PT10M_Quantitative_H_max,3271278,PT10M,Quantitative,max,H,1,1,True,validation_passed,
computed_PT10M_Quantitative_PD_sum,3271279,PT10M,Quantitative,sum,PD,24,24,True,validation_passed,
computed_PT10M_Quantitative_PD_avg,3271280,PT10M,Quantitative,avg,PD,1,1,True,validation_passed,
computed_PT10M_Quantitative_PD_min,3271281,PT10M,Quantitative,min,PD,1,1,True,validation_passed,
computed_PT10M_Quantitative_PD_max,3271282,PT10M,Quantitative,max,PD,1,1,True,validation_passed,
computed_PT10M_Quantitative_PW_sum,3271283,PT10M,Quantitative,sum,PW,168,168,True,validation_passed,
computed_PT10M_Quantitative_PW_min,3271285,PT10M,Quantitative,min,PW,1,1,True,validation_passed,
computed_PT10M_Quantitative_PW_max,3271286,PT10M,Quantitative,max,PW,1,1,True,validation_passed,
computed_PT10M_Quantitative_PE_sum,3271287,PT10M,Quantitative,sum,PE,168,168,True,validation_passed,
computed_PT10M_Quantitative_PE_min,3271289,PT10M,Quantitative,min,PE,1,1,True,validation_passed,
computed_PT10M_Quantitative_PE_max,3271290,PT10M,Quantitative,max,PE,1,1,True,validation_passed,
computed_PT10M_Quantitative_PM_sum,3271291,PT10M,Quantitative,sum,PM,720,720,True,validation_passed,
computed_PT10M_Quantitative_PM_avg,3271292,PT10M,Quantitative,avg,PM,1,1,True,validation_passed,
computed_PT10M_Quantitative_PM_min,3271293,PT10M,Quantitative,min,PM,1,1,True,validation_passed,
computed_PT10M_Quantitative_PM_max,3271294,PT10M,Quantitative,max,PM,1,1,True,validation_passed,
computed_PT10M_Quantitative_PQ_sum,3271295,PT10M,Quantitative,sum,PQ,2208,2208,True,validation_passed,
computed_PT10M_Quantitative_PQ_avg,3271296,PT10M,Quantitative,avg,PQ,1,1,True,validation_passed,
computed_PT10M_Quantitative_PQ_min,3271297,PT10M,Quantitative,min,PQ,1,1,True,validation_passed,
computed_PT10M_Quantitative_PQ_max,3271298,PT10M,Quantitative,max,PQ,1,1,True,validation_passed,
computed_PT10M_Quantitative_PY_sum,3271299,PT10M,Quantitative,sum,PY,8760,8760,True,validation_passed,
computed_PT10M_Quantitative_PY_avg,3271300,PT10M,Quantitative,avg,PY,1,1,True,validation_passed,
computed_PT10M_Quantitative_PY_min,3271301,PT10M,Quantitative,min,PY,1,1,True,validation_passed,
computed_PT10M_Quantitative_PY_max,3271302,PT10M,Quantitative,max,PY,1,1,True,validation_passed,
computed_PT10M_Continuous_H_sum,3271303,PT10M,Continuous,sum,H,1,1,True,validation_passed,
computed_PT10M_Continuous_H_avg,3271304,PT10M,Continuous,avg,H,1,1,True,validation_passed,
computed_PT10M_Continuous_H_min,3271305,PT10M,Continuous,min,H,1,1,True,validation_passed,
computed_PT10M_Continuous_H_max,3271306,PT10M,Continuous,max,H,1,1,True,validation_passed,
computed_PT10M_Continuous_PD_sum,3271307,PT10M,Continuous,sum,PD,24,24,True,validation_passed,
computed_PT10M_Continuous_PD_avg,3271308,PT10M,Continuous,avg,PD,1,1,True,validation_passed,
computed_PT10M_Continuous_PD_min,3271309,PT10M,Continuous,min,PD,1,1,True,validation_passed,
computed_PT10M_Continuous_PD_max,3271310,PT10M,Continuous,max,PD,1,1,True,validation_passed,
computed_PT10M_Continuous_PW_sum,3271311,PT10M,Continuous,sum,PW,168,168,True,validation_passed,
computed_PT10M_Continuous_PW_min,3271313,PT10M,Continuous,min,PW,1,1,True,validation_passed,
computed_PT10M_Continuous_PW_max,3271314,PT10M,Continuous,max,PW,1,1,True,validation_passed,
computed_PT10M_Continuous_PE_sum,3271315,PT10M,Continuous,sum,PE,168,168,True,validation_passed,
computed_PT10M_Continuous_PE_min,3271317,PT10M,Continuous,min,PE,1,1,True,validation_passed,
computed_PT10M_Continuous_PE_max,3271318,PT10M,Continuous,max,PE,1,1,True,validation_passed,
computed_PT10M_Continuous_PM_sum,3271319,PT10M,Continuous,sum,PM,720,720,True,validation_passed,
computed_PT10M_Continuous_PM_avg,3271320,PT10M,Continuous,avg,PM,1,1,True,validation_passed,
computed_PT10M_Continuous_PM_min,3271321,PT10M,Continuous,min,PM,1,1,True,validation_passed,
computed_PT10M_Continuous_PM_max,3271322,PT10M,Continuous,max,PM,1,1,True,validation_passed,
computed_PT10M_Continuous_PQ_sum,3271323,PT10M,Continuous,sum,PQ,2208,2208,True,validation_passed,
computed_PT10M_Continuous_PQ_avg,3271324,PT10M,Continuous,avg,PQ,1,1,True,validation_passed,
computed_PT10M_Continuous_PQ_min,3271325,PT10M,Continuous,min,PQ,1,1,True,validation_passed,
computed_PT10M_Continuous_PQ_max,3271326,PT10M,Continuous,max,PQ,1,1,True,validation_passed,
computed_PT10M_Continuous_PY_sum,3271327,PT10M,Continuous,sum,PY,8760,8760,True,validation_passed,
computed_PT10M_Continuous_PY_avg,3271328,PT10M,Continuous,avg,PY,1,1,True,validation_passed,
computed_PT10M_Continuous_PY_min,3271329,PT10M,Continuous,min,PY,1,1,True,validation_passed,
computed_PT10M_Continuous_PY_max,3271330,PT10M,Continuous,max,PY,1,1,True,validation_passed,
computed_PT3M_Quantitative_H_sum,3271331,PT3M,Quantitative,sum,H,1,1,True,validation_passed,
computed_PT3M_Quantitative_H_avg,3271332,PT3M,Quantitative,avg,H,1,1,True,validation_passed,
computed_PT3M_Quantitative_H_min,3271333,PT3M,Quantitative,min,H,1,1,True,validation_passed,
computed_PT3M_Quantitative_H_max,3271334,PT3M,Quantitative,max,H,1,1,True,validation_passed,
computed_PT3M_Quantitative_PD_sum,3271335,PT3M,Quantitative,sum,PD,24,24,True,validation_passed,
computed_PT3M_Quantitative_PD_avg,3271336,PT3M,Quantitative,avg,PD,1,1,True,validation_passed,
computed_PT3M_Quantitative_PD_min,3271337,PT3M,Quantitative,min,PD,1,1,True,validation_passed,
computed_PT3M_Quantitative_PD_max,3271338,PT3M,Quantitative,max,PD,1,1,True,validation_passed,
computed_PT3M_Quantitative_PW_sum,3271339,PT3M,Quantitative,sum,PW,168,168,True,validation_passed,
computed_PT3M_Quantitative_PW_min,3271341,PT3M,Quantitative,min,PW,1,1,True,validation_passed,
computed_PT3M_Quantitative_PW_max,3271342,PT3M,Quantitative,max,PW,1,1,True,validation_passed,
computed_PT3M_Quantitative_PE_sum,3271343,PT3M,Quantitative,sum,PE,168,168,True,validation_passed,
computed_PT3M_Quantitative_PE_min,3271345,PT3M,Quantitative,min,PE,1,1,True,validation_passed,
computed_PT3M_Quantitative_PE_max,3271346,PT3M,Quantitative,max,PE,1,1,True,validation_passed,
computed_PT3M_Quantitative_PM_sum,3271347,PT3M,Quantitative,sum,PM,720,720,True,validation_passed,
computed_PT3M_Quantitative_PM_avg,3271348,PT3M,Quantitative,avg,PM,1,1,True,validation_passed,
computed_PT3M_Quantitative_PM_min,3271349,PT3M,Quantitative,min,PM,1,1,True,validation_passed,
computed_PT3M_Quantitative_PM_max,3271350,PT3M,Quantitative,max,PM,1,1,True,validation_passed,
computed_PT3M_Quantitative_PQ_sum,3271351,PT3M,Quantitative,sum,PQ,2208,2208,True,validation_passed,
computed_PT3M_Quantitative_PQ_avg,3271352,PT3M,Quantitative,avg,PQ,1,1,True,validation_passed,
computed_PT3M_Quantitative_PQ_min,3271353,PT3M,Quantitative,min,PQ,1,1,True,validation_passed,
computed_PT3M_Quantitative_PQ_max,3271354,PT3M,Quantitative,max,PQ,1,1,True,validation_passed,
computed_PT3M_Quantitative_PY_sum,3271355,PT3M,Quantitative,sum,PY,8760,8760,True,validation_passed,
computed_PT3M_Quantitative_PY_avg,3271356,PT3M,Quantitative,avg,PY,1,1,True,validation_passed,
computed_PT3M_Quantitative_PY_min,3271357,PT3M,Quantitative,min,PY,1,1,True,validation_passed,
computed_PT3M_Quantitative_PY_max,3271358,PT3M,Quantitative,max,PY,1,1,True,validation_passed,
computed_PT3M_Continuous_H_sum,3271359,PT3M,Continuous,sum,H,1,1,True,validation_passed,
computed_PT3M_Continuous_H_avg,3271360,PT3M,Continuous,avg,H,1,1,True,validation_passed,
computed_PT3M_Continuous_H_min,3271361,PT3M,Continuous,min,H,1,1,True,validation_passed,
computed_PT3M_Continuous_H_max,3271362,PT3M,Continuous,max,H,1,1,True,validation_passed,
computed_PT3M_Continuous_PD_sum,3271363,PT3M,Continuous,sum,PD,24,24,True,validation_passed,
computed_PT3M_Continuous_PD_avg,3271364,PT3M,Continuous,avg,PD,1,1,True,validation_passed,
computed_PT3M_Continuous_PD_min,3271365,PT3M,Continuous,min,PD,1,1,True,validation_passed,
computed_PT3M_Continuous_PD_max,3271366,PT3M,Continuous,max,PD,1,1,True,validation_passed,
computed_PT3M_Continuous_PW_sum,3271367,PT3M,Continuous,sum,PW,168,168,True,validation_passed,
computed_PT3M_Continuous_PW_min,3271369,PT3M,Continuous,min,PW,1,1,True,validation_passed,
computed_PT3M_Continuous_PW_max,3271370,PT3M,Continuous,max,PW,1,1,True,validation_passed,
computed_PT3M_Continuous_PE_sum,3271371,PT3M,Continuous,sum,PE,168,168,True,validation_passed,
computed_PT3M_Continuous_PE_min,3271373,PT3M,Continuous,min,PE,1,1,True,validation_passed,
computed_PT3M_Continuous_PE_max,3271374,PT3M,Continuous,max,PE,1,1,True,validation_passed,
computed_PT3M_Continuous_PM_sum,3271375,PT3M,Continuous,sum,PM,720,720,True,validation_passed,
computed_PT3M_Continuous_PM_avg,3271376,PT3M,Continuous,avg,PM,1,1,True,validation_passed,
computed_PT3M_Continuous_PM_min,3271377,PT3M,Continuous,min,PM,1,1,True,validation_passed,
computed_PT3M_Continuous_PM_max,3271378,PT3M,Continuous,max,PM,1,1,True,validation_passed,
computed_PT3M_Continuous_PQ_sum,3271379,PT3M,Continuous,sum,PQ,2208,2208,True,validation_passed,
computed_PT3M_Continuous_PQ_avg,3271380,PT3M,Continuous,avg,PQ,1,1,True,validation_passed,
computed_PT3M_Continuous_PQ_min,3271381,PT3M,Continuous,min,PQ,1,1,True,validation_passed,
computed_PT3M_Continuous_PQ_max,3271382,PT3M,Continuous,max,PQ,1,1,True,validation_passed,
computed_PT3M_Continuous_PY_sum,3271383,PT3M,Continuous,sum,PY,8760,8760,True,validation_passed,
computed_PT3M_Continuous_PY_avg,3271384,PT3M,Continuous,avg,PY,1,1,True,validation_passed,
computed_PT3M_Continuous_PY_min,3271385,PT3M,Continuous,min,PY,1,1,True,validation_passed,
computed_PT3M_Continuous_PY_max,3271386,PT3M,Continuous,max,PY,1,1,True,validation_passed,
computed_PT1S_Quantitative_H_sum,3271387,PT1S,Quantitative,sum,H,1,1,True,validation_passed,
computed_PT1S_Quantitative_H_avg,3271388,PT1S,Quantitative,avg,H,1,1,True,validation_passed,
computed_PT1S_Quantitative_H_min,3271389,PT1S,Quantitative,min,H,1,1,True,validation_passed,
computed_PT1S_Quantitative_H_max,3271390,PT1S,Quantitative,max,H,1,1,True,validation_passed,
computed_PT1S_Quantitative_PD_sum,3271391,PT1S,Quantitative,sum,PD,24,24,True,validation_passed,
computed_PT1S_Quantitative_PD_avg,3271392,PT1S,Quantitative,avg,PD,1,1,True,validation_passed,
computed_PT1S_Quantitative_PD_min,3271393,PT1S,Quantitative,min,PD,1,1,True,validation_passed,
computed_PT1S_Quantitative_PD_max,3271394,PT1S,Quantitative,max,PD,1,1,True,validation_passed,
computed_PT1S_Quantitative_PW_sum,3271395,PT1S,Quantitative,sum,PW,168,168,True,validation_passed,
computed_PT1S_Quantitative_PW_min,3271397,PT1S,Quantitative,min,PW,1,1,True,validation_passed,
computed_PT1S_Quantitative_PW_max,3271398,PT1S,Quantitative,max,PW,1,1,True,validation_passed,
computed_PT1S_Quantitative_PE_sum,3271399,PT1S,Quantitative,sum,PE,168,168,True,validation_passed,
computed_PT1S_Quantitative_PE_min,3271401,PT1S,Quantitative,min,PE,1,1,True,validation_passed,
computed_PT1S_Quantitative_PE_max,3271402,PT1S,Quantitative,max,PE,1,1,True,validation_passed,
computed_PT1S_Quantitative_PM_sum,3271403,PT1S,Quantitative,sum,PM,720,720,True,validation_passed,
computed_PT1S_Quantitative_PM_avg,3271404,PT1S,Quantitative,avg,PM,1,1,True,validation_passed,
computed_PT1S_Quantitative_PM_min,3271405,PT1S,Quantitative,min,PM,1,1,True,validation_passed,
computed_PT1S_Quantitative_PM_max,3271406,PT1S,Quantitative,max,PM,1,1,True,validation_passed,
computed_PT1S_Quantitative_PQ_sum,3271407,PT1S,Quantitative,sum,PQ,2208,2208,True,validation_passed,
computed_PT1S_Quantitative_PQ_avg,3271408,PT1S,Quantitative,avg,PQ,1,1,True,validation_passed,
computed_PT1S_Quantitative_PQ_min,3271409,PT1S,Quantitative,min,PQ,1,1,True,validation_passed,
computed_PT1S_Quantitative_PQ_max,3271410,PT1S,Quantitative,max,PQ,1,1,True,validation_passed,
computed_PT1S_Quantitative_PY_sum,3271411,PT1S,Quantitative,sum,PY,8760,8760,True,validation_passed,
computed_PT1S_Quantitative_PY_avg,3271412,PT1S,Quantitative,avg,PY,1,1,True,validation_passed,
computed_PT1S_Quantitative_PY_min,3271413,PT1S,Quantitative,min,PY,1,1,True,validation_passed,
computed_PT1S_Quantitative_PY_max,3271414,PT1S,Quantitative,max,PY,1,1,True,validation_passed,
computed_PT1S_Continuous_H_sum,3271415,PT1S,Continuous,sum,H,1,1,True,validation_passed,
computed_PT1S_Continuous_H_avg,3271416,PT1S,Continuous,avg,H,1,1,True,validation_passed,
computed_PT1S_Continuous_H_min,3271417,PT1S,Continuous,min,H,1,1,True,validation_passed,
computed_PT1S_Continuous_H_max,3271418,PT1S,Continuous,max,H,1,1,True,validation_passed,
computed_PT1S_Continuous_PD_sum,3271419,PT1S,Continuous,sum,PD,24,24,True,validation_passed,
computed_PT1S_Continuous_PD_avg,3271420,PT1S,Continuous,avg,PD,1,1,True,validation_passed,
computed_PT1S_Continuous_PD_min,3271421,PT1S,Continuous,min,PD,1,1,True,validation_passed,
computed_PT1S_Continuous_PD_max,3271422,PT1S,Continuous,max,PD,1,1,True,validation_passed,
computed_PT1S_Continuous_PW_sum,3271423,PT1S,Continuous,sum,PW,168,168,True,validation_passed,
computed_PT1S_Continuous_PW_min,3271425,PT1S,Continuous,min,PW,1,1,True,validation_passed,
computed_PT1S_Continuous_PW_max,3271426,PT1S,Continuous,max,PW,1,1,True,validation_passed,
computed_PT1S_Continuous_PE_sum,3271427,PT1S,Continuous,sum,PE,168,168,True,validation_passed,
computed_PT1S_Continuous_PE_min,3271429,PT1S,Continuous,min,PE,1,1,True,validation_passed,
computed_PT1S_Continuous_PE_max,3271430,PT1S,Continuous,max,PE,1,1,True,validation_passed,
computed_PT1S_Continuous_PM_sum,3271431,PT1S,Continuous,sum,PM,720,720,True,validation_passed,
computed_PT1S_Continuous_PM_avg,3271432,PT1S,Continuous,avg,PM,1,1,True,validation_passed,
computed_PT1S_Continuous_PM_min,3271433,PT1S,Continuous,min,PM,1,1,True,validation_passed,
computed_PT1S_Continuous_PM_max,3271434,PT1S,Continuous,max,PM,1,1,True,validation_passed,
computed_PT1S_Continuous_PQ_sum,3271435,PT1S,Continuous,sum,PQ,2208,2208,True,validation_passed,
computed_PT1S_Continuous_PQ_avg,3271436,PT1S,Continuous,avg,PQ,1,1,True,validation_passed,
computed_PT1S_Continuous_PQ_min,3271437,PT1S,Continuous,min,PQ,1,1,True,validation_passed,
computed_PT1S_Continuous_PQ_max,3271438,PT1S,Continuous,max,PQ,1,1,True,validation_passed,
computed_PT1S_Continuous_PY_sum,3271439,PT1S,Continuous,sum,PY,8760,8760,True,validation_passed,
computed_PT1S_Continuous_PY_avg,3271440,PT1S,Continuous,avg,PY,1,1,True,validation_passed,
computed_PT1S_Continuous_PY_min,3271441,PT1S,Continuous,min,PY,1,1,True,validation_passed,
computed_PT1S_Continuous_PY_max,3271442,PT1S,Continuous,max,PY,1,1,True,validation_passed,
computed_P1D_Quantitative_H_sum,3271443,P1D,Quantitative,sum,H,1,1,True,validation_passed,
computed_P1D_Quantitative_H_avg,3271444,P1D,Quantitative,avg,H,1,1,True,validation_passed,
computed_P1D_Quantitative_H_min,3271445,P1D,Quantitative,min,H,1,1,True,validation_passed,
computed_P1D_Quantitative_H_max,3271446,P1D,Quantitative,max,H,1,1,True,validation_passed,
computed_P1D_Quantitative_PD_sum,3271447,P1D,Quantitative,sum,PD,24,24,True,validation_passed,
computed_P1D_Quantitative_PD_avg,3271448,P1D,Quantitative,avg,PD,1,1,True,validation_passed,
computed_P1D_Quantitative_PD_min,3271449,P1D,Quantitative,min,PD,1,1,True,validation_passed,
computed_P1D_Quantitative_PD_max,3271450,P1D,Quantitative,max,PD,1,1,True,validation_passed,
computed_P1D_Quantitative_PW_sum,3271451,P1D,Quantitative,sum,PW,168,168,True,validation_passed,
computed_P1D_Quantitative_PW_min,3271453,P1D,Quantitative,min,PW,1,1,True,validation_passed,
computed_P1D_Quantitative_PW_max,3271454,P1D,Quantitative,max,PW,1,1,True,validation_passed,
computed_P1D_Quantitative_PE_sum,3271455,P1D,Quantitative,sum,PE,168,168,True,validation_passed,
computed_P1D_Quantitative_PE_min,3271457,P1D,Quantitative,min,PE,1,1,True,validation_passed,
computed_P1D_Quantitative_PE_max,3271458,P1D,Quantitative,max,PE,1,1,True,validation_passed,
computed_P1D_Quantitative_PM_sum,3271459,P1D,Quantitative,sum,PM,720,720,True,validation_passed,
computed_P1D_Quantitative_PM_avg,3271460,P1D,Quantitative,avg,PM,1,1,True,validation_passed,
computed_P1D_Quantitative_PM_min,3271461,P1D,Quantitative,min,PM,1,1,True,validation_passed,
computed_P1D_Quantitative_PM_max,3271462,P1D,Quantitative,max,PM,1,1,True,validation_passed,
computed_P1D_Quantitative_PQ_sum,3271463,P1D,Quantitative,sum,PQ,2208,2208,True,validation_passed,
computed_P1D_Quantitative_PQ_avg,3271464,P1D,Quantitative,avg,PQ,1,1,True,validation_passed,
computed_P1D_Quantitative_PQ_min,3271465,P1D,Quantitative,min,PQ,1,1,True,validation_passed,
computed_P1D_Quantitative_PQ_max,3271466,P1D,Quantitative,max,PQ,1,1,True,validation_passed,
computed_P1D_Quantitative_PY_sum,3271467,P1D,Quantitative,sum,PY,8760,8760,True,validation_passed,
computed_P1D_Quantitative_PY_avg,3271468,P1D,Quantitative,avg,PY,1,1,True,validation_passed,
computed_P1D_Quantitative_PY_min,3271469,P1D,Quantitative,min,PY,1,1,True,validation_passed,
computed_P1D_Quantitative_PY_max,3271470,P1D,Quantitative,max,PY,1,1,True,validation_passed,
computed_P1D_Continuous_H_sum,3271471,P1D,Continuous,sum,H,1,1,True,validation_passed,
computed_P1D_Continuous_H_avg,3271472,P1D,Continuous,avg,H,1,1,True,validation_passed,
computed_P1D_Continuous_H_min,3271473,P1D,Continuous,min,H,1,1,True,validation_passed,
computed_P1D_Continuous_H_max,3271474,P1D,Continuous,max,H,1,1,True,validation_passed,
computed_P1D_Continuous_PD_sum,3271475,P1D,Continuous,sum,PD,24,24,True,validation_passed,
computed_P1D_Continuous_PD_avg,3271476,P1D,Continuous,avg,PD,1,1,True,validation_passed,
computed_P1D_Continuous_PD_min,3271477,P1D,Continuous,min,PD,1,1,True,validation_passed,
computed_P1D_Continuous_PD_max,3271478,P1D,Continuous,max,PD,1,1,True,validation_passed,
computed_P1D_Continuous_PW_sum,3271479,P1D,Continuous,sum,PW,168,168,True,validation_passed,
computed_P1D_Continuous_PW_min,3271481,P1D,Continuous,min,PW,1,1,True,validation_passed,
computed_P1D_Continuous_PW_max,3271482,P1D,Continuous,max,PW,1,1,True,validation_passed,
computed_P1D_Continuous_PE_sum,3271483,P1D,Continuous,sum,PE,168,168,True,validation_passed,
computed_P1D_Continuous_PE_min,3271485,P1D,Continuous,min,PE,1,1,True,validation_passed,
computed_P1D_Continuous_PE_max,3271486,P1D,Continuous,max,PE,1,1,True,validation_passed,
computed_P1D_Continuous_PM_sum,3271487,P1D,Continuous,sum,PM,720,720,True,validation_passed,
computed_P1D_Continuous_PM_avg,3271488,P1D,Continuous,avg,PM,1,1,True,validation_passed,
computed_P1D_Continuous_PM_min,3271489,P1D,Continuous,min,PM,1,1,True,validation_passed,
computed_P1D_Continuous_PM_max,3271490,P1D,Continuous,max,PM,1,1,True,validation_passed,
computed_P1D_Continuous_PQ_sum,3271491,P1D,Continuous,sum,PQ,2208,2208,True,validation_passed,
computed_P1D_Continuous_PQ_avg,3271492,P1D,Continuous,avg,PQ,1,1,True,validation_passed,
computed_P1D_Continuous_PQ_min,3271493,P1D,Continuous,min,PQ,1,1,True,validation_passed,
computed_P1D_Continuous_PQ_max,3271494,P1D,Continuous,max,PQ,1,1,True,validation_passed,
computed_P1D_Continuous_PY_sum,3271495,P1D,Continuous,sum,PY,8760,8760,True,validation_passed,
computed_P1D_Continuous_PY_avg,3271496,P1D,Continuous,avg,PY,1,1,True,validation_passed,
computed_P1D_Continuous_PY_min,3271497,P1D,Continuous,min,PY,1,1,True,validation_passed,
computed_P1D_Continuous_PY_max,3271498,P1D,Continuous,max,PY,1,1,True,validation_passed,
computed_P1Y_Quantitative_PW_avg,3270836,P1Y,Quantitative,avg,PW,168.00022831050228,1,False,validation_failed,
computed_P1Y_Quantitative_PE_avg,3270840,P1Y,Quantitative,avg,PE,168.00022831050228,1,False,validation_failed,
computed_P1Y_Quantitative_PM_sum,3270843,P1Y,Quantitative,sum,PM,744,720,False,validation_failed,
computed_P1Y_Quantitative_PQ_sum,3270847,P1Y,Quantitative,sum,PQ,2209,2208,False,validation_failed,
computed_P1Y_Continuous_PW_avg,3270864,P1Y,Continuous,avg,PW,168.00022831050228,1,False,validation_failed,
computed_P1Y_Continuous_PE_avg,3270868,P1Y,Continuous,avg,PE,168.00022831050228,1,False,validation_failed,
computed_P1Y_Continuous_PM_sum,3270871,P1Y,Continuous,sum,PM,744,720,False,validation_failed,
computed_P1Y_Continuous_PQ_sum,3270875,P1Y,Continuous,sum,PQ,2209,2208,False,validation_failed,
computed_P1M_Quantitative_PW_avg,3270892,P1M,Quantitative,avg,PW,168,1,False,validation_failed,
computed_P1M_Quantitative_PE_avg,3270896,P1M,Quantitative,avg,PE,168,1,False,validation_failed,
computed_P1M_Continuous_PW_avg,3270920,P1M,Continuous,avg,PW,168,1,False,validation_failed,
computed_P1M_Continuous_PE_avg,3270924,P1M,Continuous,avg,PE,168,1,False,validation_failed,
computed_P3M_Quantitative_PW_avg,3270948,P3M,Quantitative,avg,PW,168,1,False,validation_failed,
computed_P3M_Quantitative_PE_avg,3270952,P3M,Quantitative,avg,PE,168,1,False,validation_failed,
computed_P3M_Continuous_PW_avg,3270976,P3M,Continuous,avg,PW,168,1,False,validation_failed,
computed_P3M_Continuous_PE_avg,3270980,P3M,Continuous,avg,PE,168,1,False,validation_failed,
computed_P6M_Quantitative_PW_sum,3271003,P6M,Quantitative,sum,PW,168.03826126330088,168,False,validation_failed,
computed_P6M_Quantitative_PW_avg,3271004,P6M,Quantitative,avg,PW,168.03826126330088,1,False,validation_failed,
computed_P6M_Quantitative_PE_sum,3271007,P6M,Quantitative,sum,PE,168.03826126330088,168,False,validation_failed,
computed_P6M_Quantitative_PE_avg,3271008,P6M,Quantitative,avg,PE,168.03826126330088,1,False,validation_failed,
computed_P6M_Quantitative_PM_sum,3271011,P6M,Quantitative,sum,PM,744,720,False,validation_failed,
computed_P6M_Quantitative_PQ_sum,3271015,P6M,Quantitative,sum,PQ,2209,2208,False,validation_failed,
computed_P6M_Continuous_PW_sum,3271031,P6M,Continuous,sum,PW,168.03826126330088,168,False,validation_failed,
computed_P6M_Continuous_PW_avg,3271032,P6M,Continuous,avg,PW,168.03826126330088,1,False,validation_failed,
computed_P6M_Continuous_PE_sum,3271035,P6M,Continuous,sum,PE,168.03826126330088,168,False,validation_failed,
computed_P6M_Continuous_PE_avg,3271036,P6M,Continuous,avg,PE,168.03826126330088,1,False,validation_failed,
computed_P6M_Continuous_PM_sum,3271039,P6M,Continuous,sum,PM,744,720,False,validation_failed,
computed_P6M_Continuous_PQ_sum,3271043,P6M,Continuous,sum,PQ,2209,2208,False,validation_failed,
computed_PT1H_Quantitative_PW_avg,3271060,PT1H,Quantitative,avg,PW,168,1,False,validation_failed,
computed_PT1H_Quantitative_PE_avg,3271064,PT1H,Quantitative,avg,PE,168,1,False,validation_failed,
computed_PT1H_Continuous_PW_avg,3271088,PT1H,Continuous,avg,PW,168,1,False,validation_failed,
computed_PT1H_Continuous_PE_avg,3271092,PT1H,Continuous,avg,PE,168,1,False,validation_failed,
computed_PT15M_Quantitative_PW_avg,3271116,PT15M,Quantitative,avg,PW,168,1,False,validation_failed,
computed_PT15M_Quantitative_PE_avg,3271120,PT15M,Quantitative,avg,PE,168,1,False,validation_failed,
computed_PT15M_Continuous_PW_avg,3271144,PT15M,Continuous,avg,PW,168,1,False,validation_failed,
computed_PT15M_Continuous_PE_avg,3271148,PT15M,Continuous,avg,PE,168,1,False,validation_failed,
computed_PT5M_Quantitative_PW_avg,3271172,PT5M,Quantitative,avg,PW,168,1,False,validation_failed,
computed_PT5M_Quantitative_PE_avg,3271176,PT5M,Quantitative,avg,PE,168,1,False,validation_failed,
computed_PT5M_Continuous_PW_avg,3271200,PT5M,Continuous,avg,PW,168,1,False,validation_failed,
computed_PT5M_Continuous_PE_avg,3271204,PT5M,Continuous,avg,PE,168,1,False,validation_failed,
computed_PT1M_Quantitative_PW_avg,3271228,PT1M,Quantitative,avg,PW,168,1,False,validation_failed,
computed_PT1M_Quantitative_PE_avg,3271232,PT1M,Quantitative,avg,PE,168,1,False,validation_failed,
computed_PT1M_Continuous_PW_avg,3271256,PT1M,Continuous,avg,PW,168,1,False,validation_failed,
computed_PT1M_Continuous_PE_avg,3271260,PT1M,Continuous,avg,PE,168,1,False,validation_failed,
computed_PT10M_Quantitative_PW_avg,3271284,PT10M,Quantitative,avg,PW,168,1,False,validation_failed,
computed_PT10M_Quantitative_PE_avg,3271288,PT10M,Quantitative,avg,PE,168,1,False,validation_failed,
computed_PT10M_Continuous_PW_avg,3271312,PT10M,Continuous,avg,PW,168,1,False,validation_failed,
computed_PT10M_Continuous_PE_avg,3271316,PT10M,Continuous,avg,PE,168,1,False,validation_failed,
computed_PT3M_Quantitative_PW_avg,3271340,PT3M,Quantitative,avg,PW,168,1,False,validation_failed,
computed_PT3M_Quantitative_PE_avg,3271344,PT3M,Quantitative,avg,PE,168,1,False,validation_failed,
computed_PT3M_Continuous_PW_avg,3271368,PT3M,Continuous,avg,PW,168,1,False,validation_failed,
computed_PT3M_Continuous_PE_avg,3271372,PT3M,Continuous,avg,PE,168,1,False,validation_failed,
computed_PT1S_Quantitative_PW_avg,3271396,PT1S,Quantitative,avg,PW,168,1,False,validation_failed,
computed_PT1S_Quantitative_PE_avg,3271400,PT1S,Quantitative,avg,PE,168,1,False,validation_failed,
computed_PT1S_Continuous_PW_avg,3271424,PT1S,Continuous,avg,PW,168,1,False,validation_failed,
computed_PT1S_Continuous_PE_avg,3271428,PT1S,Continuous,avg,PE,168,1,False,validation_failed,
computed_P1D_Quantitative_PW_avg,3271452,P1D,Quantitative,avg,PW,168,1,False,validation_failed,
computed_P1D_Quantitative_PE_avg,3271456,P1D,Quantitative,avg,PE,168,1,False,validation_failed,
computed_P1D_Continuous_PW_avg,3271480,P1D,Continuous,avg,PW,168,1,False,validation_failed,
computed_P1D_Continuous_PE_avg,3271484,P1D,Continuous,avg,PE,168,1,False,validation_failed,
computed_P1W_Quantitative_H_sum,,P1W,Quantitative,sum,H,,,False,creation_failed,"Status 400: {""StatusCode"":400,""Message"":""Unsupported period (P7D, 4.00:00:00, CET)""}"
computed_P1W_Quantitative_H_avg,,P1W,Quantitative,avg,H,,,False,creation_failed,"Status 400: {""StatusCode"":400,""Message"":""Unsupported period (P7D, 4.00:00:00, CET)""}"
computed_P1W_Quantitative_H_min,,P1W,Quantitative,min,H,,,False,creation_failed,"Status 400: {""StatusCode"":400,""Message"":""Unsupported period (P7D, 4.00:00:00, CET)""}"
computed_P1W_Quantitative_H_max,,P1W,Quantitative,max,H,,,False,creation_failed,"Status 400: {""StatusCode"":400,""Message"":""Unsupported period (P7D, 4.00:00:00, CET)""}"
computed_P1W_Quantitative_PD_sum,,P1W,Quantitative,sum,PD,,,False,creation_failed,"Status 400: {""StatusCode"":400,""Message"":""Unsupported period (P7D, 4.00:00:00, CET)""}"
computed_P1W_Quantitative_PD_avg,,P1W,Quantitative,avg,PD,,,False,creation_failed,"Status 400: {""StatusCode"":400,""Message"":""Unsupported period (P7D, 4.00:00:00, CET)""}"
computed_P1W_Quantitative_PD_min,,P1W,Quantitative,min,PD,,,False,creation_failed,"Status 400: {""StatusCode"":400,""Message"":""Unsupported period (P7D, 4.00:00:00, CET)""}"
computed_P1W_Quantitative_PD_max,,P1W,Quantitative,max,PD,,,False,creation_failed,"Status 400: {""StatusCode"":400,""Message"":""Unsupported period (P7D, 4.00:00:00, CET)""}"
computed_P1W_Quantitative_PW_sum,,P1W,Quantitative,sum,PW,,,False,creation_failed,"Status 400: {""StatusCode"":400,""Message"":""Unsupported period (P7D, 4.00:00:00, CET)""}"
computed_P1W_Quantitative_PW_avg,,P1W,Quantitative,avg,PW,,,False,creation_failed,"Status 400: {""StatusCode"":400,""Message"":""Unsupported period (P7D, 4.00:00:00, CET)""}"
computed_P1W_Quantitative_PW_min,,P1W,Quantitative,min,PW,,,False,creation_failed,"Status 400: {""StatusCode"":400,""Message"":""Unsupported period (P7D, 4.00:00:00, CET)""}"
computed_P1W_Quantitative_PW_max,,P1W,Quantitative,max,PW,,,False,creation_failed,"Status 400: {""StatusCode"":400,""Message"":""Unsupported period (P7D, 4.00:00:00, CET)""}"
computed_P1W_Quantitative_PE_sum,,P1W,Quantitative,sum,PE,,,False,creation_failed,"Status 400: {""StatusCode"":400,""Message"":""Unsupported period (P7D, 4.00:00:00, CET)""}"
computed_P1W_Quantitative_PE_avg,,P1W,Quantitative,avg,PE,,,False,creation_failed,"Status 400: {""StatusCode"":400,""Message"":""Unsupported period (P7D, 4.00:00:00, CET)""}"
computed_P1W_Quantitative_PE_min,,P1W,Quantitative,min,PE,,,False,creation_failed,"Status 400: {""StatusCode"":400,""Message"":""Unsupported period (P7D, 4.00:00:00, CET)""}"
computed_P1W_Quantitative_PE_max,,P1W,Quantitative,max,PE,,,False,creation_failed,"Status 400: {""StatusCode"":400,""Message"":""Unsupported period (P7D, 4.00:00:00, CET)""}"
computed_P1W_Quantitative_PM_sum,,P1W,Quantitative,sum,PM,,,False,creation_failed,"Status 400: {""StatusCode"":400,""Message"":""Unsupported period (P7D, 4.00:00:00, CET)""}"
computed_P1W_Quantitative_PM_avg,,P1W,Quantitative,avg,PM,,,False,creation_failed,"Status 400: {""StatusCode"":400,""Message"":""Unsupported period (P7D, 4.00:00:00, CET)""}"
computed_P1W_Quantitative_PM_min,,P1W,Quantitative,min,PM,,,False,creation_failed,"Status 400: {""StatusCode"":400,""Message"":""Unsupported period (P7D, 4.00:00:00, CET)""}"
computed_P1W_Quantitative_PM_max,,P1W,Quantitative,max,PM,,,False,creation_failed,"Status 400: {""StatusCode"":400,""Message"":""Unsupported period (P7D, 4.00:00:00, CET)""}"
computed_P1W_Quantitative_PQ_sum,,P1W,Quantitative,sum,PQ,,,False,creation_failed,"Status 400: {""StatusCode"":400,""Message"":""Unsupported period (P7D, 4.00:00:00, CET)""}"
computed_P1W_Quantitative_PQ_avg,,P1W,Quantitative,avg,PQ,,,False,creation_failed,"Status 400: {""StatusCode"":400,""Message"":""Unsupported period (P7D, 4.00:00:00, CET)""}"
computed_P1W_Quantitative_PQ_min,,P1W,Quantitative,min,PQ,,,False,creation_failed,"Status 400: {""StatusCode"":400,""Message"":""Unsupported period (P7D, 4.00:00:00, CET)""}"
computed_P1W_Quantitative_PQ_max,,P1W,Quantitative,max,PQ,,,False,creation_failed,"Status 400: {""StatusCode"":400,""Message"":""Unsupported period (P7D, 4.00:00:00, CET)""}"
computed_P1W_Quantitative_PY_sum,,P1W,Quantitative,sum,PY,,,False,creation_failed,"Status 400: {""StatusCode"":400,""Message"":""Unsupported period (P7D, 4.00:00:00, CET)""}"
computed_P1W_Quantitative_PY_avg,,P1W,Quantitative,avg,PY,,,False,creation_failed,"Status 400: {""StatusCode"":400,""Message"":""Unsupported period (P7D, 4.00:00:00, CET)""}"
computed_P1W_Quantitative_PY_min,,P1W,Quantitative,min,PY,,,False,creation_failed,"Status 400: {""StatusCode"":400,""Message"":""Unsupported period (P7D, 4.00:00:00, CET)""}"
computed_P1W_Quantitative_PY_max,,P1W,Quantitative,max,PY,,,False,creation_failed,"Status 400: {""StatusCode"":400,""Message"":""Unsupported period (P7D, 4.00:00:00, CET)""}"
computed_P1W_Continuous_H_sum,,P1W,Continuous,sum,H,,,False,creation_failed,"Status 400: {""StatusCode"":400,""Message"":""Unsupported period (P7D, 4.00:00:00, CET)""}"
computed_P1W_Continuous_H_avg,,P1W,Continuous,avg,H,,,False,creation_failed,"Status 400: {""StatusCode"":400,""Message"":""Unsupported period (P7D, 4.00:00:00, CET)""}"
computed_P1W_Continuous_H_min,,P1W,Continuous,min,H,,,False,creation_failed,"Status 400: {""StatusCode"":400,""Message"":""Unsupported period (P7D, 4.00:00:00, CET)""}"
computed_P1W_Continuous_H_max,,P1W,Continuous,max,H,,,False,creation_failed,"Status 400: {""StatusCode"":400,""Message"":""Unsupported period (P7D, 4.00:00:00, CET)""}"
computed_P1W_Continuous_PD_sum,,P1W,Continuous,sum,PD,,,False,creation_failed,"Status 400: {""StatusCode"":400,""Message"":""Unsupported period (P7D, 4.00:00:00, CET)""}"
computed_P1W_Continuous_PD_avg,,P1W,Continuous,avg,PD,,,False,creation_failed,"Status 400: {""StatusCode"":400,""Message"":""Unsupported period (P7D, 4.00:00:00, CET)""}"
computed_P1W_Continuous_PD_min,,P1W,Continuous,min,PD,,,False,creation_failed,"Status 400: {""StatusCode"":400,""Message"":""Unsupported period (P7D, 4.00:00:00, CET)""}"
computed_P1W_Continuous_PD_max,,P1W,Continuous,max,PD,,,False,creation_failed,"Status 400: {""StatusCode"":400,""Message"":""Unsupported period (P7D, 4.00:00:00, CET)""}"
computed_P1W_Continuous_PW_sum,,P1W,Continuous,sum,PW,,,False,creation_failed,"Status 400: {""StatusCode"":400,""Message"":""Unsupported period (P7D, 4.00:00:00, CET)""}"
computed_P1W_Continuous_PW_avg,,P1W,Continuous,avg,PW,,,False,creation_failed,"Status 400: {""StatusCode"":400,""Message"":""Unsupported period (P7D, 4.00:00:00, CET)""}"
computed_P1W_Continuous_PW_min,,P1W,Continuous,min,PW,,,False,creation_failed,"Status 400: {""StatusCode"":400,""Message"":""Unsupported period (P7D, 4.00:00:00, CET)""}"
computed_P1W_Continuous_PW_max,,P1W,Continuous,max,PW,,,False,creation_failed,"Status 400: {""StatusCode"":400,""Message"":""Unsupported period (P7D, 4.00:00:00, CET)""}"
computed_P1W_Continuous_PE_sum,,P1W,Continuous,sum,PE,,,False,creation_failed,"Status 400: {""StatusCode"":400,""Message"":""Unsupported period (P7D, 4.00:00:00, CET)""}"
computed_P1W_Continuous_PE_avg,,P1W,Continuous,avg,PE,,,False,creation_failed,"Status 400: {""StatusCode"":400,""Message"":""Unsupported period (P7D, 4.00:00:00, CET)""}"
computed_P1W_Continuous_PE_min,,P1W,Continuous,min,PE,,,False,creation_failed,"Status 400: {""StatusCode"":400,""Message"":""Unsupported period (P7D, 4.00:00:00, CET)""}"
computed_P1W_Continuous_PE_max,,P1W,Continuous,max,PE,,,False,creation_failed,"Status 400: {""StatusCode"":400,""Message"":""Unsupported period (P7D, 4.00:00:00, CET)""}"
computed_P1W_Continuous_PM_sum,,P1W,Continuous,sum,PM,,,False,creation_failed,"Status 400: {""StatusCode"":400,""Message"":""Unsupported period (P7D, 4.00:00:00, CET)""}"
computed_P1W_Continuous_PM_avg,,P1W,Continuous,avg,PM,,,False,creation_failed,"Status 400: {""StatusCode"":400,""Message"":""Unsupported period (P7D, 4.00:00:00, CET)""}"
computed_P1W_Continuous_PM_min,,P1W,Continuous,min,PM,,,False,creation_failed,"Status 400: {""StatusCode"":400,""Message"":""Unsupported period (P7D, 4.00:00:00, CET)""}"
computed_P1W_Continuous_PM_max,,P1W,Continuous,max,PM,,,False,creation_failed,"Status 400: {""StatusCode"":400,""Message"":""Unsupported period (P7D, 4.00:00:00, CET)""}"
computed_P1W_Continuous_PQ_sum,,P1W,Continuous,sum,PQ,,,False,creation_failed,"Status 400: {""StatusCode"":400,""Message"":""Unsupported period (P7D, 4.00:00:00, CET)""}"
computed_P1W_Continuous_PQ_avg,,P1W,Continuous,avg,PQ,,,False,creation_failed,"Status 400: {""StatusCode"":400,""Message"":""Unsupported period (P7D, 4.00:00:00, CET)""}"
computed_P1W_Continuous_PQ_min,,P1W,Continuous,min,PQ,,,False,creation_failed,"Status 400: {""StatusCode"":400,""Message"":""Unsupported period (P7D, 4.00:00:00, CET)""}"
computed_P1W_Continuous_PQ_max,,P1W,Continuous,max,PQ,,,False,creation_failed,"Status 400: {""StatusCode"":400,""Message"":""Unsupported period (P7D, 4.00:00:00, CET)""}"
computed_P1W_Continuous_PY_sum,,P1W,Continuous,sum,PY,,,False,creation_failed,"Status 400: {""StatusCode"":400,""Message"":""Unsupported period (P7D, 4.00:00:00, CET)""}"
computed_P1W_Continuous_PY_avg,,P1W,Continuous,avg,PY,,,False,creation_failed,"Status 400: {""StatusCode"":400,""Message"":""Unsupported period (P7D, 4.00:00:00, CET)""}"
computed_P1W_Continuous_PY_min,,P1W,Continuous,min,PY,,,False,creation_failed,"Status 400: {""StatusCode"":400,""Message"":""Unsupported period (P7D, 4.00:00:00, CET)""}"
computed_P1W_Continuous_PY_max,,P1W,Continuous,max,PY,,,False,creation_failed,"Status 400: {""StatusCode"":400,""Message"":""Unsupported period (P7D, 4.00:00:00, CET)""}"
